{
  "frameworks": [
    {
      "name": "SMB1001",
      "description": "YOUR SMB1001 DESCRIPTION HERE",
      "conditions": [
        {
          "pillar": "cyber",
          "operator": "lte",
          "threshold": 60
        }
      ]
    },
    {
      "name": "Essential 8",
      "description": "YOUR ESSENTIAL 8 DESCRIPTION HERE",
      "conditions": [
        {
          "pillar": "cyber",
          "operator": "gte",
          "threshold": 40
        }
      ]
    },
    {
      "name": "ISO 27001",
      "description": "YOUR ISO 27001 DESCRIPTION HERE",
      "conditions": [
        {
          "pillar": "cyber",
          "operator": "gte",
          "threshold": 60
        }
      ]
    },
    {
      "name": "ITIL",
      "description": "YOUR ITIL DESCRIPTION HERE",
      "conditions": [
        {
          "pillar": "itsm",
          "operator": "gte",
          "threshold": 60
        }
      ]
    }
  ]
}
