{
  "pillars": [
    {
      "id": "itsm",
      "name": "ITSM & Service Management",
      "description": "YOUR PILLAR DESCRIPTION HERE"
    },
    {
      "id": "cyber",
      "name": "Cyber Security Readiness",
      "description": "YOUR PILLAR DESCRIPTION HERE"
    },
    {
      "id": "automation",
      "name": "Business Process & Automation",
      "description": "YOUR PILLAR DESCRIPTION HERE"
    },
    {
      "id": "operations",
      "name": "Operational Excellence & Intelligent Automation",
      "description": "YOUR PILLAR DESCRIPTION HERE"
    },
    {
      "id": "technical",
      "name": "Technical Capability Foundations",
      "description": "YOUR PILLAR DESCRIPTION HERE"
    }
  ]
}
