{
  "questions": [
    {
      "id": 1,
      "pillar": "ITSM & Service Management",
      "text": "Sample question 1?",
      "scale": [
        {
          "label": "Not in place",
          "description": "No capability present"
        },
        {
          "label": "Ad hoc",
          "description": "Basic, informal approach"
        },
        {
          "label": "Defined",
          "description": "Documented processes"
        },
        {
          "label": "Managed",
          "description": "Measured and controlled"
        },
        {
          "label": "Advanced",
          "description": "Proactive improvement"
        },
        {
          "label": "Optimised",
          "description": "Continuous innovation"
        }
      ]
    }
  ]
}
